Record ID,Manufacturer,Manufacturer Part Number,Price,Cost,MSRP,Internal Description,Frequently Used,Supplier,Description,Pricing Strategy,MSRP Adjustment,QBE Price,Last Pricing Update,Short Number,Old Short Number,Secondary Supplier,Tertiary Supplier,Pricing Source
CAM1007 - MOMENTARY SWITCH -  SPDT - MOMENTARY SWITCH -  SPDT - CM109 - 1000/40 - $43.31 ,Camden Controls,1000/40,43.31,15.7,41.21,MOMENTARY SWITCH -  SPDT,,Doyle Security Products,MOMENTARY SWITCH -  SPDT,MSRP Adjust,0.051,41.21,"Jun 21, 2022",CAM1007,CM109,Seclock,,Doyle Price List
CAM1008 - MAINTAINED SWITCH -  2 BLUE WIRES & 1 GREY WIRE. - MAINTAINED SWITCH -  2 BLUE WIRES & 1 GREY WIRE. - CM110 - 1000/45 - $43.31 ,Camden Controls,1000/45,43.31,16.49,41.21,MAINTAINED SWITCH -  2 BLUE WIRES & 1 GREY WIRE.,,Doyle Security Products,MAINTAINED SWITCH -  2 BLUE WIRES & 1 GREY WIRE.,MSRP Adjust,0.051,41.21,"Jun 21, 2022",CAM1008,CM110,Seclock,,Doyle Price List
CAM1009 - WEATHERPROOF BOX WITH ON / OFF SWITCH. LESS MORTISE CYL. - WEATHERPROOF BOX WITH ON / OFF SWITCH. LESS MORTISE CYL. - CM124 - 1010 - $1.86 ,Camden Controls,1010,1.86,0.71,1.77,WEATHERPROOF BOX WITH ON / OFF SWITCH. LESS MORTISE CYL.,,Doyle Security Products,WEATHERPROOF BOX WITH ON / OFF SWITCH. LESS MORTISE CYL.,MSRP Adjust,0.051,103.76,"Mar 08, 2024",CAM1009,CM124,Seclock,,Doyle Price List
CAM1016 - 1020 Single Gang w/Surface Box -  SPDT Momentary Switch -  Brushed Aluminum Finished - 1020 Single Gang w/Surface Box -  SPDT Momentary Switch -  Brushed Aluminum Finished - CM137 - 1020 - $7.15 ,Camden Controls,1020,7.15,2.72,6.8,1020 Single Gang w/Surface Box -  SPDT Momentary Switch -  Brushed Aluminum Finished,,Doyle Security Products,1020 Single Gang w/Surface Box -  SPDT Momentary Switch -  Brushed Aluminum Finished,MSRP Adjust,0.051,128.54,"Sep 19, 2023",CAM1016,CM137,Seclock,,Doyle Price List
CAM1021 - Wireless Keypad Battery Operated -  XMTR INCL 999 users - Wireless Keypad Battery Operated -  XMTR INCL 999 users -  - 120TX - $304.79 ,Camden Controls,120TX,304.79,174.0,290.0,Wireless Keypad Battery Operated -  XMTR INCL 999 users,,Seclock,Wireless Keypad Battery Operated -  XMTR INCL 999 users,MSRP Adjust,0.051,,"Jun 21, 2022",CAM1021,,,,
CAM1005 - Super Mag Double Unit Outswing - Super Mag Double Unit Outswing - CM106 - 2020 - $165.53 ,Camden Controls,2020,165.53,44.54,157.5,Super Mag Double Unit Outswing,,Doyle Security Products,Super Mag Double Unit Outswing,MSRP Adjust,0.051,102.44,"Jun 21, 2022",CAM1005,CM106,Seclock,,Security Lock Price List
CAM1006 - NARROW STILE MOM SWITCH -  CRKBRZ. - NARROW STILE MOM SWITCH -  CRKBRZ. - CM107 - 2020DUR - $132.49 ,Camden Controls,2020DUR,132.49,50.36,126.06,NARROW STILE MOM SWITCH -  CRKBRZ.,,Doyle Security Products,NARROW STILE MOM SWITCH -  CRKBRZ.,MSRP Adjust,0.051,126.06,"Jun 21, 2022",CAM1006,CM107,Seclock,,Doyle Price List
CAM1012 - SURFACE/JAM BOX FOR 2020 SWITCH 1 5/8in DEEP. BLACK PLASTIC. - SURFACE/JAM BOX FOR 2020 SWITCH 1 5/8in DEEP. BLACK PLASTIC. - CM128 - 23D - $37.96 ,Camden Controls,23D,37.96,14.54,36.12,SURFACE/JAM BOX FOR 2020 SWITCH 1 5/8in DEEP. BLACK PLASTIC.,,Doyle Security Products,SURFACE/JAM BOX FOR 2020 SWITCH 1 5/8in DEEP. BLACK PLASTIC.,MSRP Adjust,0.051,36.12,"Jun 21, 2022",CAM1012,CM128,Seclock,,Doyle Price List
CAM1020 - Mounting Post for All-Active Switches -  42 High -  Single Gang Switch Prep -  Aluminum Finish - Mounting Post for All-Active Switches -  42 High -  Single Gang Switch Prep -  Aluminum Finish - CM001 - 42-BSU-CLR - $399.38 ,Camden Controls,42-BSU-CLR,399.38,267.33,380.0,Mounting Post for All-Active Switches -  42 High -  Single Gang Switch Prep -  Aluminum Finish,,Seclock,Mounting Post for All-Active Switches -  42 High -  Single Gang Switch Prep -  Aluminum Finish,MSRP Adjust,0.051,,"Jun 21, 2022",CAM1020,CM001,,,
CAM1010 - EMERGENCY DOOR RELEASE  BLUE) - EMERGENCY DOOR RELEASE  BLUE) - CM125 - 701 - $113.82 ,Camden Controls,701,113.82,47.09,108.3,EMERGENCY DOOR RELEASE  BLUE),,Doyle Security Products,EMERGENCY DOOR RELEASE  BLUE),MSRP Adjust,0.051,108.3,"Jun 21, 2022",CAM1010,CM125,Seclock,,Doyle Price List
CAM1013 - BLUE -  PULL STATION FOR DOOR RELEASE. inEMERGENCY EXITin - BLUE -  PULL STATION FOR DOOR RELEASE. inEMERGENCY EXITin - CM130 - 702 - $71.92 ,Camden Controls,702,71.92,35.31,68.43,BLUE -  PULL STATION FOR DOOR RELEASE. inEMERGENCY EXITin,,Doyle Security Products,BLUE -  PULL STATION FOR DOOR RELEASE. inEMERGENCY EXITin,MSRP Adjust,0.051,68.43,"Jun 21, 2022",CAM1013,CM130,Seclock,,Doyle Price List
CAM1011 - Industrial Door and Gate Control -  Interior Use -  Flush Mount Key Switch -  NEMA 1 and 2 - Industrial Door and Gate Control -  Interior Use -  Flush Mount Key Switch -  NEMA 1 and 2 - CM127 - CI-1KF - $157.65 ,Camden Controls,CI-1KF,157.65,90.0,150.0,Industrial Door and Gate Control -  Interior Use -  Flush Mount Key Switch -  NEMA 1 and 2,,Doyle Security Products,Industrial Door and Gate Control -  Interior Use -  Flush Mount Key Switch -  NEMA 1 and 2,MSRP Adjust,0.051,184.0,"Jun 21, 2022",CAM1011,CM127,Seclock,,Security Lock Price List
CAM1047 - Single Pull Single Throw Switch - SPST Maintained Contact Switch - 6A @ 125VAC - 3A @ 30VDC - Switch Only  -  - CM-1000/35 - $25.22 ,Camden Controls,CM-1000/35,25.22,14.4,24.0,SPST Maintained Contact Switch - 6A @ 125VAC - 3A @ 30VDC - Switch Only ,,Doyle Security Products,Single Pull Single Throw Switch,MSRP Adjust,0.051,,,CAM1047,,,,
CAM1004 - CAMDEN SWITCH N/O CONTACTS - CAMDEN SWITCH N/O CONTACTS - CM105 - CM-1120 - $117.71 ,Camden Controls,CM-1120,117.71,67.2,112.0,CAMDEN SWITCH N/O CONTACTS,,Doyle Security Products,CAMDEN SWITCH N/O CONTACTS,MSRP Adjust,0.051,106.19,"May 22, 2023",CAM1004,CM105,Seclock,,Doyle Price List
CAM1045 - Camden Single Gang Momentary Keyswitch - Camden Single Gang Momentary Keyswitch -  - CM-1120 - $117.71 ,Camden Controls,CM-1120,117.71,67.2,112.0,Camden Single Gang Momentary Keyswitch,,Doyle Security Products,Camden Single Gang Momentary Keyswitch,MSRP Adjust,0.051,,,CAM1045,,,,
"CAM1044 - Keyswitch -  Satin Aluminum - Single Gang Keyswitch, SPDT N.O & N.C Maintained, 12/24V, Satin Aluminum -  - CM-1130 - $112.00 ",Camden Controls,CM-1130,112.0,67.2,112.0,"Single Gang Keyswitch, SPDT N.O & N.C Maintained, 12/24V, Satin Aluminum",,Doyle Security Products,Keyswitch -  Satin Aluminum,MSRP,,,,CAM1044,,,,
CAM1043 - Keypad -  Indoor 12/24V Standalone or Wiegand Flush Mount -  Satin Stainless - Keypad -  Indoor 12/24V Standalone or Wiegand Flush Mount -  Satin Stainless -  - CM-120I - $140.00 ,Camden Controls,CM-120I,140.0,84.0,140.0,Keypad -  Indoor 12/24V Standalone or Wiegand Flush Mount -  Satin Stainless,,Banner Solutions (Formerly Akron),Keypad -  Indoor 12/24V Standalone or Wiegand Flush Mount -  Satin Stainless,MSRP,,,"May 22, 2023",CAM1043,,,,
CAM1039 - Battery Operated Wireless Keypad -  Vandal & Weather Resistant -  Single Gang -  Satin Stainless Steel - Battery Operated Wireless Keypad -  Vandal & Weather Resistant -  Single Gang -  Satin Stainless Steel -  - CM-120TX - $300.00 ,Camden Controls,CM-120TX,300.0,180.0,300.0,Battery Operated Wireless Keypad -  Vandal & Weather Resistant -  Single Gang -  Satin Stainless Steel,,Seclock,Battery Operated Wireless Keypad -  Vandal & Weather Resistant -  Single Gang -  Satin Stainless Steel,MSRP,,,"May 22, 2023",CAM1039,,,,Doyle Price List
CAM1026 - Narrow Jamb Surface Mount Box -  Flame/Impact Resistant -  Extra Deep -  Not Compatible with CM-333 Touchless Switches -  Black Finish - Narrow Jamb Surface Mount Box -  Flame/Impact Resistant -  Extra Deep -  Not Compatible with CM-333 Touchless Switches -  Black Finish -  - CM-23D - $31.53 ,Camden Controls,CM-23D,31.53,18.0,30.0,Narrow Jamb Surface Mount Box -  Flame/Impact Resistant -  Extra Deep -  Not Compatible with CM-333 Touchless Switches -  Black Finish,,Seclock,Narrow Jamb Surface Mount Box -  Flame/Impact Resistant -  Extra Deep -  Not Compatible with CM-333 Touchless Switches -  Black Finish,MSRP Adjust,0.051,,"May 22, 2023",CAM1026,,,,Doyle Price List
CAM1028 - CAMDEN NRW JMB MNT W/HNDCP LGO - CAMDEN NRW JMB MNT W/HNDCP LGO -  - CM-25/4 - $74.62 ,Camden Controls,CM-25/4,74.62,42.6,71.0,CAMDEN NRW JMB MNT W/HNDCP LGO,,Seclock,CAMDEN NRW JMB MNT W/HNDCP LGO,MSRP Adjust,0.051,,"May 22, 2023",CAM1028,,,,Doyle Price List
CAM1034 - LED Illuminated Pushbutton -  Single Gang -  2in Button -  Push To Exit Text -  Satin Stainless Steel - LED Illuminated Pushbutton -  Single Gang -  2in Button -  Push To Exit Text -  Satin Stainless Steel -  - CM-30E - $52.00 ,Camden Controls,CM-30E,52.0,31.2,52.0,LED Illuminated Pushbutton -  Single Gang -  2in Button -  Push To Exit Text -  Satin Stainless Steel,,Banner Solutions (Formerly Akron),LED Illuminated Pushbutton -  Single Gang -  2in Button -  Push To Exit Text -  Satin Stainless Steel,MSRP,,,,CAM1034,,,,
CAM1029 - 2 SQ PUSHBUTTON WITH 30 SEC TIMER - 2 SQ PUSHBUTTON WITH 30 SEC TIMER -  - CM-30EE - $162.91 ,Camden Controls,CM-30EE,162.91,85.653,155.0,2 SQ PUSHBUTTON WITH 30 SEC TIMER,,Seclock,2 SQ PUSHBUTTON WITH 30 SEC TIMER,MSRP Adjust,0.051,,"Sep 19, 2023",CAM1029,,,,Banner Price List
CAM1024 - SureWave CM-330 Series Touchless Switch -  1 to 12 Range -  Built-In Lazerpoint Wireless Transmitter -  Narrow Stainless Steel Hand Icon/'Wave to Open' Text/Wheelchair Symbol Faceplate -  Includes 2 'AA' Alkaline Batteries -  Stainless Steel Finish - SureWave CM-330 Series Touchless Switch -  1 to 12 Range -  Built-In Lazerpoint Wireless Transmitter -  Narrow Stainless Steel Hand Icon/'Wave to Open' Text/Wheelchair Symbol Faceplate -  Includes 2 'AA' Alkaline Batteries -  Stainless Steel Finish -  - CM-330/42SN - $262.75 ,Camden Controls,CM-330/42SN,262.75,150.0,250.0,SureWave CM-330 Series Touchless Switch -  1 to 12 Range -  Built-In Lazerpoint Wireless Transmitter -  Narrow Stainless Steel Hand Icon/'Wave to Open' Text/Wheelchair Symbol Faceplate -  Includes 2 'AA' Alkaline Batteries -  Stainless Steel Finish,,Seclock,SureWave CM-330 Series Touchless Switch -  1 to 12 Range -  Built-In Lazerpoint Wireless Transmitter -  Narrow Stainless Steel Hand Icon/'Wave to Open' Text/Wheelchair Symbol Faceplate -  Includes 2 'AA' Alkaline Batteries -  Stainless Steel Finish,MSRP Adjust,0.051,,"Jun 21, 2022",CAM1024,,,,Security Lock Price List
CAM1025 - SureWave CM-331 Series Touchless Switch -  1 to 28 Range -  1 Relay -  Narrow Stainless Steel Hand Icon/'Wave to Open' Text/Wheelchair Symbol Faceplate -  Stainless Steel Finish - SureWave CM-331 Series Touchless Switch -  1 to 28 Range -  1 Relay -  Narrow Stainless Steel Hand Icon/'Wave to Open' Text/Wheelchair Symbol Faceplate -  Stainless Steel Finish -  - CM-331/42SN - $241.73 ,Camden Controls,CM-331/42SN,241.73,138.0,230.0,SureWave CM-331 Series Touchless Switch -  1 to 28 Range -  1 Relay -  Narrow Stainless Steel Hand Icon/'Wave to Open' Text/Wheelchair Symbol Faceplate -  Stainless Steel Finish,,Seclock,SureWave CM-331 Series Touchless Switch -  1 to 28 Range -  1 Relay -  Narrow Stainless Steel Hand Icon/'Wave to Open' Text/Wheelchair Symbol Faceplate -  Stainless Steel Finish,MSRP Adjust,0.051,,"Jun 21, 2022",CAM1025,,,,Security Lock Price List
CAM1030 - BATTERY PWD -  (1) RELAY HANDS-FREE SWITCH - BATTERY PWD -  (1) RELAY HANDS-FREE SWITCH -  - CM-333/42S - $231.22 ,Camden Controls,CM-333/42S,231.22,121.0,220.0,BATTERY PWD -  (1) RELAY HANDS-FREE SWITCH,,Banner Solutions (Formerly Akron),BATTERY PWD -  (1) RELAY HANDS-FREE SWITCH,MSRP Adjust,0.051,,"Sep 19, 2023",CAM1030,,,,Banner Price List
CAM1031 - Hybrid Battery Powered Touchless Switch -  1 Wired Relay -  CM-TX99 Wireless Transmitter -  Wave to Open & Wheelchair Symbol -  Double Gang Faceplate - Hybrid Battery Powered Touchless Switch -  1 Wired Relay -  CM-TX99 Wireless Transmitter -  Wave to Open & Wheelchair Symbol -  Double Gang Faceplate -  - CM-333/42SW - $231.22 ,Camden Controls,CM-333/42SW,231.22,121.0,220.0,Hybrid Battery Powered Touchless Switch -  1 Wired Relay -  CM-TX99 Wireless Transmitter -  Wave to Open & Wheelchair Symbol -  Double Gang Faceplate,,Banner Solutions (Formerly Akron),Hybrid Battery Powered Touchless Switch -  1 Wired Relay -  CM-TX99 Wireless Transmitter -  Wave to Open & Wheelchair Symbol -  Double Gang Faceplate,MSRP Adjust,0.051,,"Jun 21, 2022",CAM1031,,,,
CAM1036 - Black -  Single Gang -  Wave Sensor - Black -  Single Gang -  Wave Sensor -  - CM-336 - $200.00 ,Camden Controls,CM-336,200.0,120.0,200.0,Black -  Single Gang -  Wave Sensor,,Seclock,Black -  Single Gang -  Wave Sensor,MSRP,,,,CAM1036,,,,
"CAM1063 - SureWave Wireless No-Touch Switch -  Double Gang Faceplate -  Stainless Steel -  'Wave To Open' Graphics - SureWave Wireless No-Touch Switch, Double Gang Faceplate, Stainless Steel, 'Wave To Open' Graphics -  - CM-336/41SW - $262.75 ",Camden Controls,CM-336/41SW,262.75,112.5,250.0,"SureWave Wireless No-Touch Switch, Double Gang Faceplate, Stainless Steel, 'Wave To Open' Graphics",,Camden,SureWave Wireless No-Touch Switch -  Double Gang Faceplate -  Stainless Steel -  'Wave To Open' Graphics,MSRP Adjust,0.051,,,CAM1063,,,,
"CAM1060 - SureWave Wireless No-Touch Switch -  6in Round -  Stainless Steel -  'Wave To Open' Graphic - SureWave Wireless No-Touch Switch, 6in Round, Stainless Steel, 'Wave To Open' Graphic -  - CM-336/42R - $262.75 ",Camden Controls,CM-336/42R,262.75,112.5,250.0,"SureWave Wireless No-Touch Switch, 6in Round, Stainless Steel, 'Wave To Open' Graphic",,Camden,SureWave Wireless No-Touch Switch -  6in Round -  Stainless Steel -  'Wave To Open' Graphic,MSRP Adjust,0.051,,,CAM1060,,,,
CAM1041 - Single Gang Surface Mount Box -  Flame/Impact Resistant -  Black Finish - Single Gang Surface Mount Box -  Flame/Impact Resistant -  Black Finish -  - CM-34BL - $30.00 ,Camden Controls,CM-34BL,30.0,18.0,30.0,Single Gang Surface Mount Box -  Flame/Impact Resistant -  Black Finish,,Seclock,Single Gang Surface Mount Box -  Flame/Impact Resistant -  Black Finish,MSRP,,,,CAM1041,,,,
"CAM1054 - 4.5 Round Switch w/Handicap & Push to Open Symbol -  SPDT Relay - 4.5"" Round Switch w/Handicap & Push to Open Symbol, SPDT Relay -  - CM-40/4 - $85.13 ",Camden Controls,CM-40/4,85.13,36.45,81.0,"4.5"" Round Switch w/Handicap & Push to Open Symbol, SPDT Relay",,Camden,4.5 Round Switch w/Handicap & Push to Open Symbol -  SPDT Relay,MSRP Adjust,0.051,,,CAM1054,,,,
"CAM1055 - 4.5 Round Switch w/Handicap & Push to Open -  Weather Tight - 4.5 Round Switch w/Handicap & Push to Open, Weather Tight -  - CM-40/4-WT - $126.12 ",Camden Controls,CM-40/4-WT,126.12,58.95,120.0,"4.5 Round Switch w/Handicap & Push to Open, Weather Tight",,Camden,4.5 Round Switch w/Handicap & Push to Open -  Weather Tight,MSRP Adjust,0.051,,,CAM1055,,,,
CAM1002 - 42 Tall Mounting Post -  Single Gang Prep -  36 Switch Height -  Dark Bronze Anodized Aluminum Finish - 42 Tall Mounting Post -  Single Gang Prep -  36 Switch Height -  Dark Bronze Anodized Aluminum Finish - CD124 - CM-42-BSU-BRZ - $440.00 ,Camden Controls,CM-42-BSU-BRZ,440.0,295.47,440.0,42 Tall Mounting Post -  Single Gang Prep -  36 Switch Height -  Dark Bronze Anodized Aluminum Finish,,Doyle Security Products,42 Tall Mounting Post -  Single Gang Prep -  36 Switch Height -  Dark Bronze Anodized Aluminum Finish,MSRP,0.051,358.02,,CAM1002,CD124,Seclock,,Security Lock Price List
CAM1040 - Tall Mounting Post - Clear Aluminum - Tall Mounting Post 42in - Single Gang Prep - 36in Switch Height - Camden -  Clear Aluminum -  - CM-42-BSU-CLR - $440.00 ,Camden Controls,CM-42-BSU-CLR,440.0,308.0,440.0,Tall Mounting Post 42in - Single Gang Prep - 36in Switch Height - Camden -  Clear Aluminum,,Seclock,Tall Mounting Post - Clear Aluminum,MSRP,,,,CAM1040,,,,Security Lock Price List
CAM1046 - 42in Tall Mounting Post -  No Switch Prep -  36in Switch Height -  Dark Bronze - 42in Tall Mounting Post -  No Switch Prep -  36in Switch Height -  Dark Bronze -  - CM-42-CSU-BRZ - $440.00 ,Camden Controls,CM-42-CSU-BRZ,440.0,308.0,440.0,42in Tall Mounting Post -  No Switch Prep -  36in Switch Height -  Dark Bronze,,Camden,42in Tall Mounting Post -  No Switch Prep -  36in Switch Height -  Dark Bronze,MSRP,,,,CAM1046,,,,
CAM1035 - 42in Tall Mounting Post -  No Switch Prep -  36in Switch Height -  Clear Aluminum - 42in Tall Mounting Post -  No Switch Prep -  36in Switch Height -  Clear Aluminum -  - CM-42-CSU-CLR - $440.00 ,Camden Controls,CM-42-CSU-CLR,440.0,295.47,440.0,42in Tall Mounting Post -  No Switch Prep -  36in Switch Height -  Clear Aluminum,,Seclock,42in Tall Mounting Post -  No Switch Prep -  36in Switch Height -  Clear Aluminum,MSRP,,,,CAM1035,,,,
CAM1015 - CAMDEN RED MUSHROOM BUTTON PUSH TO EXIT - CAMDEN RED MUSHROOM BUTTON PUSH TO EXIT - CM136 - CM-420RPTE - $115.61 ,Camden Controls,CM-420RPTE,115.61,69.63,110.0,CAMDEN RED MUSHROOM BUTTON PUSH TO EXIT,,Doyle Security Products,CAMDEN RED MUSHROOM BUTTON PUSH TO EXIT,MSRP Adjust,0.051,89.95,"Sep 19, 2023",CAM1015,CM136,Seclock,,Banner Price List
CAM1048 - Plastic Mounting Box - Plastic Mounting Box -  - CM-43CBL - $31.53 ,Camden Controls,CM-43CBL,31.53,14.4,30.0,Plastic Mounting Box,,Camden,Plastic Mounting Box,MSRP Adjust,0.051,,,CAM1048,,,,
"CAM1064 - Surface Mounting Box -  Flame/Impact Resistant -  4-1/2W X 4-1/2H X 2D - Surface Mounting Box, Flame/Impact Resistant, 4-1/2""W X 4-1/2""H X 2""D -  - CM-43CBLA - $44.14 ",Camden Controls,CM-43CBLA,44.14,18.9,42.0,"Surface Mounting Box, Flame/Impact Resistant, 4-1/2""W X 4-1/2""H X 2""D",,Camden,Surface Mounting Box -  Flame/Impact Resistant -  4-1/2W X 4-1/2H X 2D,MSRP Adjust,0.051,,,CAM1064,,,,
"CAM1056 - 4.5 Square Push Plate Switch -  Concealed Screws -  SPDT Relay -  Handicap & Push to Open Symbol -  Satin Stainless Steel - 4.5"" Square Push Plate Switch, Concealed Screws, SPDT Relay, Handicap & Push to Open Symbol, Satin Stainless Steel -  - CM-45/4 - $90.39 ",Camden Controls,CM-45/4,90.39,38.7,86.0,"4.5"" Square Push Plate Switch, Concealed Screws, SPDT Relay, Handicap & Push to Open Symbol, Satin Stainless Steel",,Camden,4.5 Square Push Plate Switch -  Concealed Screws -  SPDT Relay -  Handicap & Push to Open Symbol -  Satin Stainless Steel,MSRP Adjust,0.051,,,CAM1056,,,,
"CAM1057 - 4.5 Square Push Plate Switch -  Concealed Screws -  SPDT Relay -  Handicap & Push to Open Symbol -  Weather Tight -  Satin Stainless Steel - 4.5 Square Push Plate Switch -  Concealed Screws -  SPDT Relay -  Handicap & Push to Open Symbol -  Weather Tight, Satin Stainless Steel -  - CM-45/4-WT - $126.12 ",Camden Controls,CM-45/4-WT,126.12,61.2,120.0,"4.5 Square Push Plate Switch -  Concealed Screws -  SPDT Relay -  Handicap & Push to Open Symbol -  Weather Tight, Satin Stainless Steel",,Camden,4.5 Square Push Plate Switch -  Concealed Screws -  SPDT Relay -  Handicap & Push to Open Symbol -  Weather Tight -  Satin Stainless Steel,MSRP Adjust,0.051,,,CAM1057,,,,
"CAM1049 - 4 Round Surface Mount Box - 4"" Round Surface Mount Box -  - CM-47S - $44.14 ",Camden Controls,CM-47S,44.14,20.7,42.0,"4"" Round Surface Mount Box",,Camden,4 Round Surface Mount Box,MSRP Adjust,0.051,,,CAM1049,,,,
"CAM1058 - 6in Round Switch w/Handicap & Push to Open Symbol -  SPDT Relay -  Satin Stainless Steel - 6"" Round Switch w/Handicap & Push to Open Symbol, SPDT Relay, Satin Stainless Steel -  - CM-60/4 - $90.39 ",Camden Controls,CM-60/4,90.39,38.7,86.0,"6"" Round Switch w/Handicap & Push to Open Symbol, SPDT Relay, Satin Stainless Steel",,Camden,6in Round Switch w/Handicap & Push to Open Symbol -  SPDT Relay -  Satin Stainless Steel,MSRP Adjust,0.051,,,CAM1058,,,,
"CAM1059 - 6in Round Switch w/Handicap & Push to Open Symbol -  SPDT Relay -  Weather Tight -  Satin Stainless Steel - 6in Round Switch w/Handicap & Push to Open Symbol -  SPDT Relay -  Weather Tight, Satin Stainless Steel -  - CM-60/4-WT - $126.12 ",Camden Controls,CM-60/4-WT,126.12,61.2,120.0,"6in Round Switch w/Handicap & Push to Open Symbol -  SPDT Relay -  Weather Tight, Satin Stainless Steel",,Camden,6in Round Switch w/Handicap & Push to Open Symbol -  SPDT Relay -  Weather Tight -  Satin Stainless Steel,MSRP Adjust,0.051,,,CAM1059,,,,
CAM1014 - Red Locking Mushroom Switch - Red Locking Mushroom Switch - CM135 - CM-6030 - $183.93 ,Camden Controls,CM-6030,183.93,105.0,175.0,Red Locking Mushroom Switch,,Doyle Security Products,Red Locking Mushroom Switch,MSRP Adjust,0.051,215.93,"Jun 21, 2022",CAM1014,CM135,Seclock,,Security Lock Price List
"CAM1050 - 6 Round Surface Mount Enclosure  - 6"" Round Surface Mount Enclosure -  - CM-69S - $48.35 ",Camden Controls,CM-69S,48.35,22.5,46.0,"6"" Round Surface Mount Enclosure",,Camden,6 Round Surface Mount Enclosure ,MSRP Adjust,0.051,,,CAM1050,,,,
"CAM1061 - Round Mounting Box -  Surface -  Extra Deep -  For Kinetic CM-60K Series Push Plates - Round Mounting Box, Surface, Extra Deep, For Kinetic CM-60K Series Push Plates -  - CM-69SER - $63.06 ",Camden Controls,CM-69SER,63.06,27.0,60.0,"Round Mounting Box, Surface, Extra Deep, For Kinetic CM-60K Series Push Plates",,Camden,Round Mounting Box -  Surface -  Extra Deep -  For Kinetic CM-60K Series Push Plates,MSRP Adjust,0.051,,,CAM1061,,,,
CAM1032 - Camden CM-701U Blue Pull Station -  Universal -  w/ 5 Eng. -  Fr. & Sp. Message Labels - Camden CM-701U Blue Pull Station -  Universal -  w/ 5 Eng. -  Fr. & Sp. Message Labels -  - CM-701U - $49.58 ,Camden Controls,CM-701U,49.58,30.99,49.58,Camden CM-701U Blue Pull Station -  Universal -  w/ 5 Eng. -  Fr. & Sp. Message Labels,,Alarm Products Distributors (APD),Camden CM-701U Blue Pull Station -  Universal -  w/ 5 Eng. -  Fr. & Sp. Message Labels,MSRP,0.051,,"Jun 21, 2022",CAM1032,,,,
CAM1062 - Full Function Dual Relay Receiver - Full Function Dual Relay Receiver -  - CM-RX-92 - $136.63 ,Camden Controls,CM-RX-92,136.63,58.5,130.0,Full Function Dual Relay Receiver,,Camden,Full Function Dual Relay Receiver,MSRP Adjust,0.051,,,CAM1062,,,,
CAM1038 - Advanced 1 Relay Receiver -  Kinetic/Lazerpoint - Advanced 1 Relay Receiver -  Kinetic/Lazerpoint -  - CM-RX90 - $88.00 ,Camden Controls,CM-RX90,88.0,52.8,88.0,Advanced 1 Relay Receiver -  Kinetic/Lazerpoint,,Seclock,Advanced 1 Relay Receiver -  Kinetic/Lazerpoint,MSRP,,,,CAM1038,,,,
"CAM1053 - Advanced 1 Channel Receiver -  915MHz - Advanced 1 Channel Receiver, 915MHz -  - CM-RX90 - $94.59 ",Camden Controls,CM-RX90,94.59,40.5,90.0,"Advanced 1 Channel Receiver, 915MHz",,Camden,Advanced 1 Channel Receiver -  915MHz,MSRP Adjust,0.051,,,CAM1053,,,,
CAM1037 - Camden Relay receiver -  12/24VAC/DC - Camden Relay receiver -  12/24VAC/DC -  - CM-RX92 - $130.00 ,Camden Controls,CM-RX92,130.0,78.0,130.0,Camden Relay receiver -  12/24VAC/DC,,Seclock,Camden Relay receiver -  12/24VAC/DC,MSRP,,,,CAM1037,,,,
CAM1042 - Lazer point wall switch transmitter 915 mhz - Lazer point wall switch transmitter 915 mhz -  - CM-TX-9 - $75.00 ,Camden Controls,CM-TX-9,75.0,45.0,75.0,Lazer point wall switch transmitter 915 mhz,,Seclock,Lazer point wall switch transmitter 915 mhz,MSRP,,,"May 22, 2023",CAM1042,,,,
CAM1000 - SS SLEAVE FOR 4X4 BOX - SS SLEAVE FOR 4X4 BOX - CD122 - CM67 - $33.13 ,Camden Controls,CM67,33.13,13.71,31.52,SS SLEAVE FOR 4X4 BOX,,Doyle Security Products,SS SLEAVE FOR 4X4 BOX,MSRP Adjust,0.051,31.52,"Jun 21, 2022",CAM1000,CD122,Seclock,,Doyle Price List
CAM1001 - SHALOW SURFACEMOUNT KIT FOR 60/65 SERIES BUTTON - AL - SHALOW SURFACEMOUNT KIT FOR 60/65 SERIES BUTTON - AL - CD123 - CM68AL - $33.13 ,Camden Controls,CM68AL,33.13,13.71,31.52,SHALOW SURFACEMOUNT KIT FOR 60/65 SERIES BUTTON - AL,,Doyle Security Products,SHALOW SURFACEMOUNT KIT FOR 60/65 SERIES BUTTON - AL,MSRP Adjust,0.051,31.52,"Jun 21, 2022",CAM1001,CD123,Seclock,,Doyle Price List
CAM1019 - Camden Blue -  Emergency Pull for Door Release - Camden Blue -  Emergency Pull for Door Release - CM002 - CMD CM-703 - $80.18 ,Camden Controls,CMD CM-703,80.18,33.17,76.29,Camden Blue -  Emergency Pull for Door Release,,Alarm Products Distributors (APD),Camden Blue -  Emergency Pull for Door Release,MSRP Adjust,0.051,,"Jun 21, 2022",CAM1019,CM002,,,
CAM1033 - 7 Day Timer -  12VDC -  Internal Memory Backup -  SPDT Relay - 7 Day Timer -  12VDC -  Internal Memory Backup -  SPDT Relay -  - CX-247-12 - $90.39 ,Camden Controls,CX-247-12,90.39,51.6,86.0,7 Day Timer -  12VDC -  Internal Memory Backup -  SPDT Relay,,Seclock,7 Day Timer -  12VDC -  Internal Memory Backup -  SPDT Relay,MSRP Adjust,0.051,,"May 22, 2023",CAM1033,,,,Doyle Price List
"CAM1051 - Grade 1 Electric Strike -  12/24 VDC -  Fail Safe/Fail Secure -  Satin Stainless Steel - Grade 1 Electric Strike, 12/24 VDC, Fail Safe/Fail Secure, Satin Stainless Steel -  - CX-ED1079 - $199.69 ",Camden Controls,CX-ED1079,199.69,85.5,190.0,"Grade 1 Electric Strike, 12/24 VDC, Fail Safe/Fail Secure, Satin Stainless Steel",,Camden,Grade 1 Electric Strike -  12/24 VDC -  Fail Safe/Fail Secure -  Satin Stainless Steel,MSRP Adjust,0.051,,,CAM1051,,,,
"CAM1052 - Grade 1 Surface Mount Electric Rim Strike -  12/24 VDC -  Fail Safe/Fail Secure -  Plug In Latch Monitor Assembly -  Satin Stainless Steel - Grade 1 Surface Mount Electric Rim Strike, 12/24 VDC, Fail Safe/Fail Secure, Plug In Latch Monitor Assembly, Satin Stainless Steel -  - CX-EPD1289L - $551.78 ",Camden Controls,CX-EPD1289L,551.78,236.25,525.0,"Grade 1 Surface Mount Electric Rim Strike, 12/24 VDC, Fail Safe/Fail Secure, Plug In Latch Monitor Assembly, Satin Stainless Steel",,Camden,Grade 1 Surface Mount Electric Rim Strike -  12/24 VDC -  Fail Safe/Fail Secure -  Plug In Latch Monitor Assembly -  Satin Stainless Steel,MSRP Adjust,0.051,,,CAM1052,,,,
CAM1003 - CONCEALED POWER TRANSFER. - CONCEALED POWER TRANSFER. - CM104 - PT516M - $55.39 ,Camden Controls,PT516M,55.39,26.35,52.7,CONCEALED POWER TRANSFER.,,Doyle Security Products,CONCEALED POWER TRANSFER.,MSRP Adjust,0.051,52.7,"Jun 21, 2022",CAM1003,CM104,Seclock,,Doyle Price List
CAM1023 - 1 Relay Wireless Receiver 12/24 VAC/DC - 1 Relay Wireless Receiver 12/24 VAC/DC -  - RX91 - $84.08 ,Camden Controls,RX91,84.08,48.0,80.0,1 Relay Wireless Receiver 12/24 VAC/DC,,Seclock,1 Relay Wireless Receiver 12/24 VAC/DC,MSRP Adjust,0.051,,"Jun 21, 2022",CAM1023,,,,
CAM1027 - 2 Relay Wireless Receiver -  12/24VAC/DC - 2 Relay Wireless Receiver -  12/24VAC/DC -  - RX92 - $126.12 ,Camden Controls,RX92,126.12,72.0,120.0,2 Relay Wireless Receiver -  12/24VAC/DC,,Seclock,2 Relay Wireless Receiver -  12/24VAC/DC,MSRP Adjust,0.051,,"Jun 21, 2022",CAM1027,,,,
CAM1022 - Wall Switch Transmitter for Camden Door Controls - Wall Switch Transmitter for Camden Door Controls -  - TX-9 - $73.57 ,Camden Controls,TX-9,73.57,42.0,70.0,Wall Switch Transmitter for Camden Door Controls,,Seclock,Wall Switch Transmitter for Camden Door Controls,MSRP Adjust,0.051,,"Jun 21, 2022",CAM1022,,,,
LAR1000 - Cherrry switch -  DPDT - Cherrry switch -  DPDT -  - 212219 - $10.00 ,Larco,212219,10.0,3.5,,Cherrry switch -  DPDT,,Larco,Cherrry switch -  DPDT,Special,,,,LAR1000,,,,
LAR1010 - 300 MHz Replacement Transmitter - 300 MHz Replacement Transmitter -  - 216546 - $98.00 ,Larco,216546,98.0,56.5,,300 MHz Replacement Transmitter,,Larco,300 MHz Replacement Transmitter,Special,,,,LAR1010,,,,
LAR1003 - 4 1/2 Universal Adapter Plate -  4 1/2 Square Switch - 4 1/2 Universal Adapter Plate -  4 1/2 Square Switch -  - 232481 - $16.75 ,Larco,232481,16.75,8.38,,4 1/2 Universal Adapter Plate -  4 1/2 Square Switch,,Larco,4 1/2 Universal Adapter Plate -  4 1/2 Square Switch,Special,,,,LAR1003,,,,
LAR1002 - 4 1/2 Universal Adapter Plate -  4 1/2 Round Switch - 4 1/2 Universal Adapter Plate -  4 1/2 Round Switch -  - 232483 - $16.75 ,Larco,232483,16.75,8.38,,4 1/2 Universal Adapter Plate -  4 1/2 Round Switch,,Larco,4 1/2 Universal Adapter Plate -  4 1/2 Round Switch,Special,,,,LAR1002,,,,
"LAR1015 - 433 MHz Receiver - 433 MHz Receiver, Larco -  - 233804 - $75.00 ",Larco,233804,75.0,33.0,,"433 MHz Receiver, Larco",,Larco,433 MHz Receiver,Special,,,,LAR1015,,,,
LAR1013 - Single Channel 433 MHz Hand-Held Transmitter - Single Channel 433 MHz Hand-Held Transmitter -  - 234465 - $138.00 ,Larco,234465,138.0,60.0,,Single Channel 433 MHz Hand-Held Transmitter,,Larco,Single Channel 433 MHz Hand-Held Transmitter,Special,,,,LAR1013,,,,
LAR1087 - Transmitter -  2-Channel 433MHz - Transmitter -  2-Channel 433MHz -  - 234467 - $136.63 ,Larco,234467,136.63,69.5,130.0,Transmitter -  2-Channel 433MHz,,Larco,Transmitter -  2-Channel 433MHz,MSRP Adjust,0.051,,,LAR1087,,,,
"LAR1011 - Ultra-Small Replacement Transmitter - 433 MHz Ultra-Small Replacement TX With Push-On Terminals, Larco -  - 234475 - $61.00 ",Larco,234475,61.0,33.0,,"433 MHz Ultra-Small Replacement TX With Push-On Terminals, Larco",,Larco,Ultra-Small Replacement Transmitter,Special,,,,LAR1011,,,,
LAR1012 - Dual Channel 433 MHz Key Fob Transmitter - Dual Channel 433 MHz Key Fob Transmitter -  - 234518 - $61.00 ,Larco,234518,61.0,25.5,,Dual Channel 433 MHz Key Fob Transmitter,,Larco,Dual Channel 433 MHz Key Fob Transmitter,Special,,,,LAR1012,,,,
LAR1005 - Bollard Post Assy Clear HW (4x6x40) - Bollard Post Assy Clear HW (4x6x40) -  - 23498700 - $707.00 ,Larco,23498700,707.0,353.5,707.0,Bollard Post Assy Clear HW (4x6x40),,Larco,Bollard Post Assy Clear HW (4x6x40),MSRP,,,,LAR1005,,,,
LAR1006 - Bollard Post Assy Bronze HW (4x6x40) - Bollard Post Assy Bronze HW (4x6x40) -  - 23498713 - $490.00 ,Larco,23498713,490.0,313.8,,Bollard Post Assy Bronze HW (4x6x40),,Larco,Bollard Post Assy Bronze HW (4x6x40),Special,,,,LAR1006,,,,
LAR1014 - Vestibule Sequencer - 433 MHz Vestibule Sequencer -  - 235215 - $87.00 ,Larco,235215,87.0,39.0,,433 MHz Vestibule Sequencer,,Larco,Vestibule Sequencer,Special,,,,LAR1014,,,,
LAR1007 - U-WAV Touchless Sensor/Switch - Gray - U-WAV Touchless Sensor/Switch - Gray -  - 33681700 - $235.00 ,Larco,33681700,235.0,115.5,,U-WAV Touchless Sensor/Switch - Gray,,Larco,U-WAV Touchless Sensor/Switch - Gray,Special,,,,LAR1007,,,,
LAR1008 - U-WAV Touchless Sensor/Switch - Black - U-WAV Touchless Sensor/Switch - Black -  - 33681711 - $235.00 ,Larco,33681711,235.0,115.5,,U-WAV Touchless Sensor/Switch - Black,,Larco,U-WAV Touchless Sensor/Switch - Black,Special,,,,LAR1008,,,,
LAR1009 - U-WAV Touchless Sensor/Switch - White - U-WAV Touchless Sensor/Switch - White -  - 33681720 - $235.00 ,Larco,33681720,235.0,115.5,,U-WAV Touchless Sensor/Switch - White,,Larco,U-WAV Touchless Sensor/Switch - White,Special,,,,LAR1009,,,,
LAR1004 - 4 1/2 Round Adapter Plate -  4 1/2 Round Switch - 4 1/2 Round Adapter Plate -  4 1/2 Round Switch -  - 339609 - $16.75 ,Larco,339609,16.75,8.38,,4 1/2 Round Adapter Plate -  4 1/2 Round Switch,,Larco,4 1/2 Round Adapter Plate -  4 1/2 Round Switch,Special,,,,LAR1004,,,,
"LAR1088 - Press to Open Switch - Double Switch - Jamb Size - Plus Transmitter - (2) Jamb Switches ""HPTO"" LH-RH 4½"" Box + 433 MHz TX -  - 4J45U4 - $419.35 ",Larco,4J45U4,419.35,239.4,399.0,"(2) Jamb Switches ""HPTO"" LH-RH 4½"" Box + 433 MHz TX",,Larco,Press to Open Switch - Double Switch - Jamb Size - Plus Transmitter,MSRP Adjust,0.051,,,LAR1088,,,,
LAR1086 - Wall Switch Assembly -  4.5in Dual JS -   HPTO - Wall Switch Assembly -  4.5in Dual JS -   HPTO -  - 4J45UO - $290.00 ,Larco,4J45UO,290.0,145.0,290.0,Wall Switch Assembly -  4.5in Dual JS -   HPTO,,Larco,Wall Switch Assembly -  4.5in Dual JS -   HPTO,MSRP,,,,LAR1086,,,,
LAR1071 - 4 1/2 Round HPTO - 4 1/2 Round HPTO -  - 4R1 - $64.00 ,Larco,4R1,64.0,32.0,,4 1/2 Round HPTO,,Larco,4 1/2 Round HPTO,Special,,,,LAR1071,,,,
LAR1065 - 4 1/2 Round HPTO - 4 1/2 Round HPTO -  - 4R1A - $64.00 ,Larco,4R1A,64.0,32.0,,4 1/2 Round HPTO,,Larco,4 1/2 Round HPTO,Special,,,,LAR1065,,,,
LAR1067 - 4 1/2 Round HPTO w/Round Box - 4 1/2 Round HPTO w/Round Box -  - 4R1R0 - $96.00 ,Larco,4R1R0,96.0,48.0,,4 1/2 Round HPTO w/Round Box,,Larco,4 1/2 Round HPTO w/Round Box,Special,,,,LAR1067,,,,
LAR1063 - 4 1/2 Round HPTO w/Round Box + 433 MHz TX - 4 1/2 Round HPTO w/Round Box + 433 MHz TX -  - 4R1R4 - $158.00 ,Larco,4R1R4,158.0,71.5,,4 1/2 Round HPTO w/Round Box + 433 MHz TX,,Larco,4 1/2 Round HPTO w/Round Box + 433 MHz TX,Special,,,,LAR1063,,,,
LAR1073 - 4 1/2 Round HPTO w/Universal Box - 4 1/2 Round HPTO w/Universal Box -  - 4R1U0 - $96.00 ,Larco,4R1U0,96.0,48.0,,4 1/2 Round HPTO w/Universal Box,,Larco,4 1/2 Round HPTO w/Universal Box,Special,,,,LAR1073,,,,
"LAR1069 - Round HPTO w/Universal Box - 4 1/2 Round HPTO w/Universal Box + 433 MHz TX, Larco -  - 4R1U4 - $158.00 ",Larco,4R1U4,158.0,87.0,,"4 1/2 Round HPTO w/Universal Box + 433 MHz TX, Larco",,Larco,Round HPTO w/Universal Box,Special,,,,LAR1069,,,,
LAR1085 - Wireless Wall Switch -  4.5in Round -  433MHZ -  RH Arrow - Wireless Wall Switch -  4.5in Round -  433MHZ -  RH Arrow -  - 4R4U4 - $215.08 ,Larco,4R4U4,215.085,97.5,215.085,Wireless Wall Switch -  4.5in Round -  433MHZ -  RH Arrow,,Larco,Wireless Wall Switch -  4.5in Round -  433MHZ -  RH Arrow,MSRP,,,,LAR1085,,,,
LAR1081 - 4 1/2 Round HPTO -  LH - 4 1/2 Round HPTO -  LH -  - 4R5 - $88.28 ,Larco,4R5,88.28,42.0,84.0,4 1/2 Round HPTO -  LH,,Larco,4 1/2 Round HPTO -  LH,MSRP Adjust,0.051,,"Jun 21, 2022",LAR1081,,,,
LAR1084 - Wireless Wall Switch -  4.5in Round -  433MHZ -  LH Arrow - Wireless Wall Switch -  4.5in Round -  433MHZ -  LH Arrow -  - 4R5U4 - $215.08 ,Larco,4R5U4,215.085,97.5,215.085,Wireless Wall Switch -  4.5in Round -  433MHZ -  LH Arrow,,Larco,Wireless Wall Switch -  4.5in Round -  433MHZ -  LH Arrow,MSRP,,,,LAR1084,,,,
LAR1075 - 4 1/2 Square HPTO - 4 1/2 Square HPTO -  - 4S1 - $64.00 ,Larco,4S1,64.0,32.0,,4 1/2 Square HPTO,,Larco,4 1/2 Square HPTO,Special,,,,LAR1075,,,,
LAR1077 - 4 1/2 Square HPTO w/Universal Box - 4 1/2 Square HPTO w/Universal Box -  - 4S1U0 - $96.00 ,Larco,4S1U0,96.0,61.0,,4 1/2 Square HPTO w/Universal Box,,Larco,4 1/2 Square HPTO w/Universal Box,Special,,,,LAR1077,,,,
LAR1079 - 4 1/2   Box  Press To Open Button - 4 1/2 Square HPTO w/Universal Box + 433 MHz TX -  - 4S1U4 - $158.00 ,Larco,4S1U4,158.0,87.0,,4 1/2 Square HPTO w/Universal Box + 433 MHz TX,,Larco,4 1/2   Box  Press To Open Button,Special,,,,LAR1079,,,,
LAR1089 - 4-1/2in Box with Transmitter - PTO - 4-1/2in Box with Transmitter - PTO -  - 4S2U4 - $166.06 ,Larco,4S2U4,166.06,87.0,158.0,4-1/2in Box with Transmitter - PTO,,Larco,4-1/2in Box with Transmitter - PTO,MSRP Adjust,0.051,,,LAR1089,,,,
LAR1043 - 6in Round PTO - 6in Round PTO -  - 6R1 - $64.00 ,Larco,6R1,64.0,32.0,,6in Round PTO,,Larco,6in Round PTO,Special,,,,LAR1043,,,,
"LAR1090 - Round HTPO Button with Round Box - 6"" Round ""HPTO""  -  - 6R1A  - $112.46 ",Larco,6R1A ,112.46,50.0,107.0,"6"" Round ""HPTO"" ",,Larco,Round HTPO Button with Round Box,MSRP Adjust,0.051,,,LAR1090,,,,
LAR1039 - 6in Round HPTO w/Round Box - 6in Round HPTO w/Round Box -  - 6R1R0 - $96.00 ,Larco,6R1R0,96.0,48.0,,6in Round HPTO w/Round Box,,Larco,6in Round HPTO w/Round Box,Special,,,,LAR1039,,,,
LAR1035 - 6in Round HPTO w/Round Box + 433 MHz TX - 6in Round HPTO w/Round Box + 433 MHz TX -  - 6R1R4 - $158.00 ,Larco,6R1R4,158.0,71.5,,6in Round HPTO w/Round Box + 433 MHz TX,,Larco,6in Round HPTO w/Round Box + 433 MHz TX,Special,,,,LAR1035,,,,
LAR1037 - 6in Round HPTO - 6in Round HPTO -  - 6R1RA - $64.00 ,Larco,6R1RA,64.0,32.0,,6in Round HPTO,,Larco,6in Round HPTO,Special,,,,LAR1037,,,,
LAR1045 - 6in Round HPTO w/Universal Box - 6in Round HPTO w/Universal Box -  - 6R1U0 - $96.00 ,Larco,6R1U0,96.0,48.0,,6in Round HPTO w/Universal Box,,Larco,6in Round HPTO w/Universal Box,Special,,,,LAR1045,,,,
LAR1041 - 6in Round HPTO w/Universal Box + 433 MHz TX - 6in Round HPTO w/Universal Box + 433 MHz TX -  - 6R1U4 - $158.00 ,Larco,6R1U4,158.0,71.5,,6in Round HPTO w/Universal Box + 433 MHz TX,,Larco,6in Round HPTO w/Universal Box + 433 MHz TX,Special,,,,LAR1041,,,,
LAR1049 - 6  Square HPTO - 6  Square HPTO -  - 6S1 - $64.00 ,Larco,6S1,64.0,32.0,,6  Square HPTO,,Larco,6  Square HPTO,Special,,,,LAR1049,,,,
LAR1051 - 6 Square HPTO w/Universal Box - 6 Square HPTO w/Universal Box -  - 6S1U0 - $96.00 ,Larco,6S1U0,96.0,48.0,,6 Square HPTO w/Universal Box,,Larco,6 Square HPTO w/Universal Box,Special,,,,LAR1051,,,,
LAR1047 - 6 Square plain w/Universal Box + 433 MHz TXz - 6 Square plain w/Universal Box + 433 MHz TXz -  - 6S1U4 - $158.00 ,Larco,6S1U4,158.0,71.5,,6 Square plain w/Universal Box + 433 MHz TXz,,Larco,6 Square plain w/Universal Box + 433 MHz TXz,Special,,,,LAR1047,,,,
LAR1055 - Copper 4 1/2 Square HPTO w/Universal Box - Copper 4 1/2 Square HPTO w/Universal Box -  - C4 S1U0 - $136.00 ,Larco,C4 S1U0,136.0,62.5,,Copper 4 1/2 Square HPTO w/Universal Box,,Larco,Copper 4 1/2 Square HPTO w/Universal Box,Special,,,,LAR1055,,,,
LAR1057 - Copper 4 1/2 Round HPTO - Copper 4 1/2 Round HPTO -  - C4R1A - $104.00 ,Larco,C4R1A,104.0,47.0,,Copper 4 1/2 Round HPTO,,Larco,Copper 4 1/2 Round HPTO,Special,,,,LAR1057,,,,
LAR1059 - Copper 4 1/2 Round HPTO w/Round Box - Copper 4 1/2 Round HPTO w/Round Box -  - C4R1AR0 - $136.00 ,Larco,C4R1AR0,136.0,62.5,,Copper 4 1/2 Round HPTO w/Round Box,,Larco,Copper 4 1/2 Round HPTO w/Round Box,Special,,,,LAR1059,,,,
LAR1061 - Copper 4 1/2 Round HPTO w/Round Box + 433 MHz TX - Copper 4 1/2 Round HPTO w/Round Box + 433 MHz TX -  - C4R1R4 - $184.00 ,Larco,C4R1R4,184.0,86.0,,Copper 4 1/2 Round HPTO w/Round Box + 433 MHz TX,,Larco,Copper 4 1/2 Round HPTO w/Round Box + 433 MHz TX,Special,,,,LAR1061,,,,
LAR1053 - Copper 4 1/2 Square HPTO - Copper 4 1/2 Square HPTO -  - C4S1 - $104.00 ,Larco,C4S1,104.0,47.0,,Copper 4 1/2 Square HPTO,,Larco,Copper 4 1/2 Square HPTO,Special,,,,LAR1053,,,,
LAR1029 - Copper 6in Round HPTO - Copper 6in Round HPTO -  - C6R1A - $104.00 ,Larco,C6R1A,104.0,49.5,,Copper 6in Round HPTO,,Larco,Copper 6in Round HPTO,Special,,,,LAR1029,,,,
LAR1031 - Copper 6in Round HPTO w/Round Box - Copper 6in Round HPTO w/Round Box -  - C6R1R0 - $136.00 ,Larco,C6R1R0,136.0,65.0,,Copper 6in Round HPTO w/Round Box,,Larco,Copper 6in Round HPTO w/Round Box,Special,,,,LAR1031,,,,
LAR1033 - Copper 6in Round HPTO w/Round Box + 433 MHz TX - Copper 6in Round HPTO w/Round Box + 433 MHz TX -  - C6R1R4 - $184.00 ,Larco,C6R1R4,184.0,88.5,,Copper 6in Round HPTO w/Round Box + 433 MHz TX,,Larco,Copper 6in Round HPTO w/Round Box + 433 MHz TX,Special,,,,LAR1033,,,,
LAR1023 - Copper 6in Square HPTO - Copper 6in Square HPTO -  - C6S1 - $104.00 ,Larco,C6S1,104.0,49.5,,Copper 6in Square HPTO,,Larco,Copper 6in Square HPTO,Special,,,,LAR1023,,,,
LAR1025 - Copper 6in Square HPTO w /Universal Box - Copper 6in Square HPTO w /Universal Box -  - C6S1U0 - $136.00 ,Larco,C6S1U0,136.0,65.0,,Copper 6in Square HPTO w /Universal Box,,Larco,Copper 6in Square HPTO w /Universal Box,Special,,,,LAR1025,,,,
LAR1027 - Copper 6in Square HPTO w /Universal Box + 433 MHz TX - Copper 6in Square HPTO w /Universal Box + 433 MHz TX -  - C6S1U4 - $198.00 ,Larco,C6S1U4,198.0,88.5,,Copper 6in Square HPTO w /Universal Box + 433 MHz TX,,Larco,Copper 6in Square HPTO w /Universal Box + 433 MHz TX,Special,,,,LAR1027,,,,
LAR1083 - Jamb Switch Deluxe -  Plain - Jamb Switch Deluxe -  Plain -  - J00 - $75.00 ,Larco,J00,75.0,38.0,75.0,Jamb Switch Deluxe -  Plain,,Larco,Jamb Switch Deluxe -  Plain,MSRP,,,,LAR1083,,,,
LAR1020 - Jamb Switch HPTO - Jamb Switch HPTO -  - J01 - $64.00 ,Larco,J01,64.0,38.0,,Jamb Switch HPTO,,Larco,Jamb Switch HPTO,Special,,,,LAR1020,,,,
LAR1018 - Jamb Switch HPTO w/box - Jamb Switch HPTO w/box -  - J01J0 - $76.00 ,Larco,J01J0,76.0,33.0,,Jamb Switch HPTO w/box,,Larco,Jamb Switch HPTO w/box,Special,,,,LAR1018,,,,
"LAR1016 - Jamb Switch HPTO w/box - Jamb Switch HPTO w/box + 433 MHz TX, Larco -  - J01J4 - $124.00 ",Larco,J01J4,124.0,69.5,,"Jamb Switch HPTO w/box + 433 MHz TX, Larco",,Larco,Jamb Switch HPTO w/box,Special,,,,LAR1016,,,,
LAR1021 - Jamb Switch HPTO (with transmitter switch) - Jamb Switch HPTO (with transmitter switch) -  - J01TX - $72.00 ,Larco,J01TX,72.0,31.25,,Jamb Switch HPTO (with transmitter switch),,Larco,Jamb Switch HPTO (with transmitter switch),Special,,,,LAR1021,,,,
LAR1022 - Jamb Switch Box (no switch) - Jamb Switch Box (no switch) -  - JJ0 - $18.00 ,Larco,JJ0,18.0,6.75,,Jamb Switch Box (no switch),,Larco,Jamb Switch Box (no switch),Special,,,,LAR1022,,,,
LAR1001 - weatherproofing option - weatherproofing option -  - W - $24.00 ,Larco,W,24.0,11.0,,weatherproofing option,,Larco,weatherproofing option,Special,,,,LAR1001,,,,
LAR1072 - Weatherproof 4 1/2 Round HPTO - Weatherproof 4 1/2 Round HPTO -  - W4R1 - $88.00 ,Larco,W4R1,88.0,43.0,,Weatherproof 4 1/2 Round HPTO,,Larco,Weatherproof 4 1/2 Round HPTO,Special,,,,LAR1072,,,,
LAR1066 - Weatherproof 4 1/2 Round HPTO - Weatherproof 4 1/2 Round HPTO -  - W4R1A - $88.00 ,Larco,W4R1A,88.0,43.0,,Weatherproof 4 1/2 Round HPTO,,Larco,Weatherproof 4 1/2 Round HPTO,Special,,,,LAR1066,,,,
LAR1068 - Weatherproof 4 1/2 Round HPTO w/Round Box - Weatherproof 4 1/2 Round HPTO w/Round Box -  - W4R1R0 - $120.00 ,Larco,W4R1R0,120.0,59.0,,Weatherproof 4 1/2 Round HPTO w/Round Box,,Larco,Weatherproof 4 1/2 Round HPTO w/Round Box,Special,,,,LAR1068,,,,
LAR1064 - Weatherproof 4 1/2 Round HPTO w/Round Box + 433 MHz TX - Weatherproof 4 1/2 Round HPTO w/Round Box + 433 MHz TX -  - W4R1R4 - $182.00 ,Larco,W4R1R4,182.0,82.5,,Weatherproof 4 1/2 Round HPTO w/Round Box + 433 MHz TX,,Larco,Weatherproof 4 1/2 Round HPTO w/Round Box + 433 MHz TX,Special,,,,LAR1064,,,,
LAR1074 - Weatherproof 4 1/2 Round HPTO w/Universal Box - Weatherproof 4 1/2 Round HPTO w/Universal Box -  - W4R1U0 - $120.00 ,Larco,W4R1U0,120.0,59.0,,Weatherproof 4 1/2 Round HPTO w/Universal Box,,Larco,Weatherproof 4 1/2 Round HPTO w/Universal Box,Special,,,,LAR1074,,,,
"LAR1070 - Weatherproof 4 1/2 Round HPTO w/Universal Box + 433 MHz TX - Weatherproof 4 1/2 Round HPTO w/Universal Box + 433 MHz TX, Larco -  - W4R1U4 - $182.00 ",Larco,W4R1U4,182.0,99.5,,"Weatherproof 4 1/2 Round HPTO w/Universal Box + 433 MHz TX, Larco",,Larco,Weatherproof 4 1/2 Round HPTO w/Universal Box + 433 MHz TX,Special,,,,LAR1070,,,,
LAR1076 - Weatherproof 4 1/2 Square HPTO - Weatherproof 4 1/2 Square HPTO -  - W4S1 - $88.00 ,Larco,W4S1,88.0,43.0,,Weatherproof 4 1/2 Square HPTO,,Larco,Weatherproof 4 1/2 Square HPTO,Special,,,,LAR1076,,,,
LAR1078 - Weatherproof 4 1/2 Square HPTO w/Universal Box - Weatherproof 4 1/2 Square HPTO w/Universal Box -  - W4S1U0 - $120.00 ,Larco,W4S1U0,120.0,59.0,,Weatherproof 4 1/2 Square HPTO w/Universal Box,,Larco,Weatherproof 4 1/2 Square HPTO w/Universal Box,Special,,,,LAR1078,,,,
"LAR1082 - Weatherproof 4 1/2 Square With Universal Box - Weatherproof 4 1/2 Square HPTO w/Universal Box + 433 MHz TX, Larco -  - W4S1U4 - $191.28 ",Larco,W4S1U4,191.28,99.5,182.0,"Weatherproof 4 1/2 Square HPTO w/Universal Box + 433 MHz TX, Larco",,Larco,Weatherproof 4 1/2 Square With Universal Box,MSRP Adjust,0.051,,"Jun 21, 2022",LAR1082,,,,
LAR1044 - Weatherproof 6in Round PTO - Weatherproof 6in Round PTO -  - W6R1 - $88.00 ,Larco,W6R1,88.0,43.0,,Weatherproof 6in Round PTO,,Larco,Weatherproof 6in Round PTO,Special,,,,LAR1044,,,,
LAR1040 - Weatherproof 6in Round HPTO w/Round Box - Weatherproof 6in Round HPTO w/Round Box -  - W6R1R0 - $120.00 ,Larco,W6R1R0,120.0,59.0,,Weatherproof 6in Round HPTO w/Round Box,,Larco,Weatherproof 6in Round HPTO w/Round Box,Special,,,,LAR1040,,,,
LAR1036 - Weatherproof 6in Round HPTO w/Round Box + 433 MHz TX - Weatherproof 6in Round HPTO w/Round Box + 433 MHz TX -  - W6R1R4 - $182.00 ,Larco,W6R1R4,182.0,82.5,,Weatherproof 6in Round HPTO w/Round Box + 433 MHz TX,,Larco,Weatherproof 6in Round HPTO w/Round Box + 433 MHz TX,Special,,,,LAR1036,,,,
LAR1038 - Weatherproof 6in Round HPTO - Weatherproof 6in Round HPTO -  - W6R1RA - $88.00 ,Larco,W6R1RA,88.0,43.0,,Weatherproof 6in Round HPTO,,Larco,Weatherproof 6in Round HPTO,Special,,,,LAR1038,,,,
LAR1046 - Weatherproof 6in Round HPTO w/Universal Box - Weatherproof 6in Round HPTO w/Universal Box -  - W6R1U0 - $120.00 ,Larco,W6R1U0,120.0,59.0,,Weatherproof 6in Round HPTO w/Universal Box,,Larco,Weatherproof 6in Round HPTO w/Universal Box,Special,,,,LAR1046,,,,
LAR1042 - Weatherproof 6in Round HPTO w/Universal Box + 433 MHz TX - Weatherproof 6in Round HPTO w/Universal Box + 433 MHz TX -  - W6R1U4 - $182.00 ,Larco,W6R1U4,182.0,108.5,239.7073170708,Weatherproof 6in Round HPTO w/Universal Box + 433 MHz TX,,Larco,Weatherproof 6in Round HPTO w/Universal Box + 433 MHz TX,Special,,,,LAR1042,,,,
LAR1050 - Weatherproof 6  Square HPTO - Weatherproof 6  Square HPTO -  - W6S1 - $88.00 ,Larco,W6S1,88.0,43.0,,Weatherproof 6  Square HPTO,,Larco,Weatherproof 6  Square HPTO,Special,,,,LAR1050,,,,
LAR1052 - Weatherproof 6 Square HPTO w/Universal Box - Weatherproof 6 Square HPTO w/Universal Box -  - W6S1U0 - $120.00 ,Larco,W6S1U0,120.0,59.0,,Weatherproof 6 Square HPTO w/Universal Box,,Larco,Weatherproof 6 Square HPTO w/Universal Box,Special,,,,LAR1052,,,,
LAR1048 - Weatherproof 6 Square plain w/Universal Box + 433 MHz TXz - Weatherproof 6 Square plain w/Universal Box + 433 MHz TXz -  - W6S1U4 - $182.00 ,Larco,W6S1U4,182.0,82.5,,Weatherproof 6 Square plain w/Universal Box + 433 MHz TXz,,Larco,Weatherproof 6 Square plain w/Universal Box + 433 MHz TXz,Special,,,,LAR1048,,,,
LAR1056 - Weatherproof Copper 4 1/2 Square HPTO w/Universal Box - Weatherproof Copper 4 1/2 Square HPTO w/Universal Box -  - WC4 S1U0 - $160.00 ,Larco,WC4 S1U0,160.0,73.5,,Weatherproof Copper 4 1/2 Square HPTO w/Universal Box,,Larco,Weatherproof Copper 4 1/2 Square HPTO w/Universal Box,Special,,,,LAR1056,,,,
LAR1058 - Weatherproof Copper 4 1/2 Round HPTO - Weatherproof Copper 4 1/2 Round HPTO -  - WC4R1A - $128.00 ,Larco,WC4R1A,128.0,58.0,,Weatherproof Copper 4 1/2 Round HPTO,,Larco,Weatherproof Copper 4 1/2 Round HPTO,Special,,,,LAR1058,,,,
LAR1060 - Weatherproof Copper 4 1/2 Round HPTO w/Round Box - Weatherproof Copper 4 1/2 Round HPTO w/Round Box -  - WC4R1AR0 - $160.00 ,Larco,WC4R1AR0,160.0,73.5,,Weatherproof Copper 4 1/2 Round HPTO w/Round Box,,Larco,Weatherproof Copper 4 1/2 Round HPTO w/Round Box,Special,,,,LAR1060,,,,
LAR1062 - Weatherproof Copper 4 1/2 Round HPTO w/Round Box + 433 MHz TX - Weatherproof Copper 4 1/2 Round HPTO w/Round Box + 433 MHz TX -  - WC4R1R4 - $208.00 ,Larco,WC4R1R4,208.0,97.0,,Weatherproof Copper 4 1/2 Round HPTO w/Round Box + 433 MHz TX,,Larco,Weatherproof Copper 4 1/2 Round HPTO w/Round Box + 433 MHz TX,Special,,,,LAR1062,,,,
LAR1054 - Weatherproof Copper 4 1/2 Square HPTO - Weatherproof Copper 4 1/2 Square HPTO -  - WC4S1 - $128.00 ,Larco,WC4S1,128.0,58.0,,Weatherproof Copper 4 1/2 Square HPTO,,Larco,Weatherproof Copper 4 1/2 Square HPTO,Special,,,,LAR1054,,,,
LAR1030 - Weatherproof Copper 6in Round HPTO - Weatherproof Copper 6in Round HPTO -  - WC6R1A - $128.00 ,Larco,WC6R1A,128.0,60.5,,Weatherproof Copper 6in Round HPTO,,Larco,Weatherproof Copper 6in Round HPTO,Special,,,,LAR1030,,,,
LAR1032 - Weatherproof Copper 6in Round HPTO w/Round Box - Weatherproof Copper 6in Round HPTO w/Round Box -  - WC6R1R0 - $160.00 ,Larco,WC6R1R0,160.0,76.0,,Weatherproof Copper 6in Round HPTO w/Round Box,,Larco,Weatherproof Copper 6in Round HPTO w/Round Box,Special,,,,LAR1032,,,,
LAR1034 - Weatherproof Copper 6in Round HPTO w/Round Box + 433 MHz TX - Weatherproof Copper 6in Round HPTO w/Round Box + 433 MHz TX -  - WC6R1R4 - $208.00 ,Larco,WC6R1R4,208.0,99.5,,Weatherproof Copper 6in Round HPTO w/Round Box + 433 MHz TX,,Larco,Weatherproof Copper 6in Round HPTO w/Round Box + 433 MHz TX,Special,,,,LAR1034,,,,
LAR1024 - Weatherproof Copper 6in Square HPTO - Weatherproof Copper 6in Square HPTO -  - WC6S1 - $128.00 ,Larco,WC6S1,128.0,60.5,,Weatherproof Copper 6in Square HPTO,,Larco,Weatherproof Copper 6in Square HPTO,Special,,,,LAR1024,,,,
LAR1026 - Weatherproof Copper 6in Square HPTO w /Universal Box - Weatherproof Copper 6in Square HPTO w /Universal Box -  - WC6S1U0 - $160.00 ,Larco,WC6S1U0,160.0,76.0,,Weatherproof Copper 6in Square HPTO w /Universal Box,,Larco,Weatherproof Copper 6in Square HPTO w /Universal Box,Special,,,,LAR1026,,,,
LAR1028 - Weatherproof Copper 6in Square HPTO w /Universal Box + 433 MHz TX - Weatherproof Copper 6in Square HPTO w /Universal Box + 433 MHz TX -  - WC6S1U4 - $222.00 ,Larco,WC6S1U4,222.0,99.5,,Weatherproof Copper 6in Square HPTO w /Universal Box + 433 MHz TX,,Larco,Weatherproof Copper 6in Square HPTO w /Universal Box + 433 MHz TX,Special,,,,LAR1028,,,,
LAR1019 - Weatherproof Jamb Switch HPTO w/box - Weatherproof Jamb Switch HPTO w/box -  - WJ01J0 - $100.00 ,Larco,WJ01J0,100.0,44.0,,Weatherproof Jamb Switch HPTO w/box,,Larco,Weatherproof Jamb Switch HPTO w/box,Special,,,,LAR1019,,,,
LAR1017 - Weatherproof Jamb Switch HPTO w/box + 433 MHz TX - Weatherproof Jamb Switch HPTO w/box + 433 MHz TX -  - WJ01J4 - $148.00 ,Larco,WJ01J4,148.0,82.0,,Weatherproof Jamb Switch HPTO w/box + 433 MHz TX,,Larco,Weatherproof Jamb Switch HPTO w/box + 433 MHz TX,Special,,,,LAR1017,,,,
LAR1091 - weatherproof transmitter  - weatherproof transmitter  -  - wp23269500 - $89.45 ,Larco,wp23269500,89.45,42.0,85.105263159,weatherproof transmitter ,,"ATEK Access Technologies, LLC",weatherproof transmitter ,MSRP Adjust,0.051,,,LAR1091,,,,
MEW1001 - Enclosed Switching Power Supply -  Single Output -  12V - Enclosed Switching Power Supply -  Single Output -  12V -  - LRS-75-12 - $33.63 ,Mean Well,LRS-75-12,33.63,18.0,32.0,Enclosed Switching Power Supply -  Single Output -  12V,,Amazon,Enclosed Switching Power Supply -  Single Output -  12V,MSRP Adjust,0.051,,,MEW1001,,,,
"MEW1000 - Enclosed Switching Power Supply -  Single Output -  24V - Enclosed Switching Power Supply, Single Output, 24V, 3.2A, 76.8W, 3.9"" L x 3.82"" W x 1.18"" H, Mean Well -  - LRS-75-24 - $27.28 ",Mean Well,LRS-75-24,27.28,18.19,27.28,"Enclosed Switching Power Supply, Single Output, 24V, 3.2A, 76.8W, 3.9"" L x 3.82"" W x 1.18"" H, Mean Well",,Amazon,Enclosed Switching Power Supply -  Single Output -  24V,MSRP,,,,MEW1000,,,,
"MOT1029 - Motion Access - Condor Swing Low Energy Operator -  Aluminum - Motion Access - Condor Swing Low Energy Operator,  72 inch, Push Arm/Out Swing -  Aluminum -  - LP1C-72 - $4,530.00 ",Motion Access,LP1C-72,4530.0,1996.0,4530.0,"Motion Access - Condor Swing Low Energy Operator,  72 inch, Push Arm/Out Swing -  Aluminum",,"Motion Access, LLC",Motion Access - Condor Swing Low Energy Operator -  Aluminum,MSRP,,,,MOT1029,,,,
MOT1038 - Header End Dress Plates - Header End Dress Plates (QTY 2/Package) -  - MA-END-PLATES - $46.66 ,Motion Access,MA-END-PLATES,46.66,22.1,44.4,Header End Dress Plates (QTY 2/Package),,"Motion Access, LLC",Header End Dress Plates,MSRP Adjust,0.051,,,MOT1038,,,,
MOT1040 - Ground Bracket Assembly w/Control Harness  - Ground Bracket Assembly w/Control Harness  -  - MA-GND-ASM - $56.33 ,Motion Access,MA-GND-ASM,56.33,26.8,53.6,Ground Bracket Assembly w/Control Harness ,,"Motion Access, LLC",Ground Bracket Assembly w/Control Harness ,MSRP Adjust,0.051,,,MOT1040,,,,
MOT1039 - Arms for the Condor Automatic Door Operators - Arms for the Condor Automatic Door Operators -  - MA-PUSH-LH-DBZ - $0.00 ,Motion Access,MA-PUSH-LH-DBZ,0.0,103.0,0.0,Arms for the Condor Automatic Door Operators,,"Motion Access, LLC",Arms for the Condor Automatic Door Operators,MSRP Adjust,0.051,,,MOT1039,,,,
MOT1032 - Universal Three-Position Rocker Switch - Universal Three-Position Rocker Switch -  - MA40011 - $83.09 ,Motion Access,MA40011,83.09,39.0,79.054054053,Universal Three-Position Rocker Switch,,"Motion Access, LLC",Universal Three-Position Rocker Switch,MSRP Adjust,0.051,,,MOT1032,,,,
"MOT1033 - Condor Swing Controller -  Low Energy - Condor Swing Controller, Low Energy -  - MA50777T-L - $960.61 ",Motion Access,MA50777T-L,960.61,457.0,914.0,"Condor Swing Controller, Low Energy",,"Motion Access, LLC",Condor Swing Controller -  Low Energy,MSRP Adjust,0.051,,,MOT1033,,,,
"MOT1043 - Motion Access Power Harness Condor Swing/Slide Control -  4-Pin New Style to 4-Pin Old Style - Motion Access Power Harness Condor Swing/Slide Control, 4-Pin New Style to 4-Pin Old Style -  - MA50782 - $15.76 ",Motion Access,MA50782,15.76,7.1,15.0,"Motion Access Power Harness Condor Swing/Slide Control, 4-Pin New Style to 4-Pin Old Style",,"Motion Access, LLC",Motion Access Power Harness Condor Swing/Slide Control -  4-Pin New Style to 4-Pin Old Style,MSRP Adjust,0.051,,,MOT1043,,,,
"MOT1037 - Condor Swing Motor/Gearbox Right Hand - Condor Swing Motor/Gearbox with Encoder, 10 pin connector. -  - MA81000-901 - $1,135.08 ",Motion Access,MA81000-901,1135.08,540.0,1080.0,"Condor Swing Motor/Gearbox with Encoder, 10 pin connector.",,"Motion Access, LLC",Condor Swing Motor/Gearbox Right Hand,MSRP Adjust,0.051,,,MOT1037,,,,
"MOT1028 - 10 Pin Connector -  Swing -  Motor/Gearbox - 10 Pin Connector -  Swing -  Motor/Gearbox -  - MA81000-902 - $1,080.00 ",Motion Access,MA81000-902,1080.0,540.0,1080.0,10 Pin Connector -  Swing -  Motor/Gearbox,,"Motion Access, LLC",10 Pin Connector -  Swing -  Motor/Gearbox,MSRP,,,,MOT1028,,,,
"MOT1041 - Low Force Motor/Gearbox -  RH -  10-Pin Connector - Low Force Motor/Gearbox, RH, 10-Pin Connector -  - MA83000-901 - $1,254.00 ",Motion Access,MA83000-901,1254.0,627.0,,"Low Force Motor/Gearbox, RH, 10-Pin Connector",,"Motion Access, LLC",Low Force Motor/Gearbox -  RH -  10-Pin Connector,Cost Adj,,,,MOT1041,,,,
"MOT1017 - Motion Access - Condor Swing Low Energy Operator – LH -  Push Arm/Out Swing -  Aluminum - Motion Access - Condor Swing Low Energy Operator 36 inch Can  LH -  Push Arm/Out Swing -  Aluminum  -  - MAC-LL1C-36 - $2,300.00 ",Motion Access,MAC-LL1C-36,2300.000000031,1110.0,2300.000000031,Motion Access - Condor Swing Low Energy Operator 36 inch Can  LH -  Push Arm/Out Swing -  Aluminum ,,"Motion Access, LLC",Motion Access - Condor Swing Low Energy Operator – LH -  Push Arm/Out Swing -  Aluminum,MSRP,,,,MOT1017,,,,
"MOT1008 - Motion Access Condor Swing Low Energy Operator – LH -  Push Arm/Out Swing -  Silver - Motion Access Condor Swing Low Energy Operator â€“ LH -  Push Arm/Out Swing -  Silver -  - MAC-LL1C-XX - $2,300.00 ",Motion Access,MAC-LL1C-XX,2300.0,1110.0,2300.0,Motion Access Condor Swing Low Energy Operator â€“ LH -  Push Arm/Out Swing -  Silver,,"Motion Access, LLC",Motion Access Condor Swing Low Energy Operator – LH -  Push Arm/Out Swing -  Silver,Special,,,,MOT1008,,,,
"MOT1016 - Motion Access - Condor Swing Low Energy Operator - Dark Bronz - Motion Access - Condor Swing Low Energy Operator â€“ LH -  Push Arm/Out Swing - 36 Inch Can  - Dark Bronze -  - MAC-LL1D-36 - $2,300.00 ",Motion Access,MAC-LL1D-36,2300.000000031,1110.0,2300.000000031,Motion Access - Condor Swing Low Energy Operator â€“ LH -  Push Arm/Out Swing - 36 Inch Can  - Dark Bronze,,"Motion Access, LLC",Motion Access - Condor Swing Low Energy Operator - Dark Bronz,MSRP,,,,MOT1016,,,,
"MOT1012 - Motion Access Condor Swing Low Energy Operator -  Dark Bronze - Motion Access Condor Swing Low Energy Operator â€“ LH -  Push Arm/Out Swing -  Dark Bronze -  - MAC-LL1D-XX - $2,300.00 ",Motion Access,MAC-LL1D-XX,2300.0,1072.0,2300.0,Motion Access Condor Swing Low Energy Operator â€“ LH -  Push Arm/Out Swing -  Dark Bronze,,"Motion Access, LLC",Motion Access Condor Swing Low Energy Operator -  Dark Bronze,Special,,,,MOT1012,,,,
"MOT1020 - Motion Access Condor Swing Low Energy Operator – LH -  Pull Arm/In Swing -  Silver - 36 Inch Can - Motion Access Condor Swing Low Energy Operator â€“ LH -  Pull Arm/In Swing -  Silver - 36 Inch Can -  - MAC-LL2C-36 - $2,300.00 ",Motion Access,MAC-LL2C-36,2300.0,1072.0,2300.0,Motion Access Condor Swing Low Energy Operator â€“ LH -  Pull Arm/In Swing -  Silver - 36 Inch Can,,"Motion Access, LLC",Motion Access Condor Swing Low Energy Operator – LH -  Pull Arm/In Swing -  Silver - 36 Inch Can,MSRP,,,,MOT1020,,,,
"MOT1009 - Motion Access Condor Swing Low Energy Operator – LH -  Pull Arm/In Swing -  Silver - Motion Access Condor Swing Low Energy Operator â€“ LH -  Pull Arm/In Swing -  Silver -  - MAC-LL2C-XX - $2,300.00 ",Motion Access,MAC-LL2C-XX,2300.0,1072.0,2300.0,Motion Access Condor Swing Low Energy Operator â€“ LH -  Pull Arm/In Swing -  Silver,,"Motion Access, LLC",Motion Access Condor Swing Low Energy Operator – LH -  Pull Arm/In Swing -  Silver,Special,,,,MOT1009,,,,
"MOT1022 - Motion Access Condor Swing Low Energy Operator – LH -  Pull Arm/In Swing -  Dark Bronze - 36 Inch Can - Motion Access Condor Swing Low Energy Operator â€“ LH -  Pull Arm/In Swing -  Dark Bronze - 36 Inch Can -  - MAC-LL2D-36 - $2,300.00 ",Motion Access,MAC-LL2D-36,2300.0,1110.0,2300.0,Motion Access Condor Swing Low Energy Operator â€“ LH -  Pull Arm/In Swing -  Dark Bronze - 36 Inch Can,,"Motion Access, LLC",Motion Access Condor Swing Low Energy Operator – LH -  Pull Arm/In Swing -  Dark Bronze - 36 Inch Can,MSRP,,,,MOT1022,,,,
"MOT1013 - Motion Access Condor Swing Low Energy Operator – LH -  Pull Arm/In Swing -  Dark Bronze - Motion Access Condor Swing Low Energy Operator â€“ LH -  Pull Arm/In Swing -  Dark Bronze -  - MAC-LL2D-XX - $2,300.00 ",Motion Access,MAC-LL2D-XX,2300.0,1072.0,2300.0,Motion Access Condor Swing Low Energy Operator â€“ LH -  Pull Arm/In Swing -  Dark Bronze,,"Motion Access, LLC",Motion Access Condor Swing Low Energy Operator – LH -  Pull Arm/In Swing -  Dark Bronze,Special,,,,MOT1013,,,,
"MOT1010 - Motion Access Condor Swing Low Energy Operator – LH -  Center Hung -  Silver - Motion Access Condor Swing Low Energy Operator â€“ LH -  Center Hung -  Silver -  - MAC-LL3C-XX - $2,300.00 ",Motion Access,MAC-LL3C-XX,2300.0,1072.0,2300.0,Motion Access Condor Swing Low Energy Operator â€“ LH -  Center Hung -  Silver,,"Motion Access, LLC",Motion Access Condor Swing Low Energy Operator – LH -  Center Hung -  Silver,Special,,,,MOT1010,,,,
"MOT1014 - Motion Access Condor Swing Low Energy Operator – LH -  Center Hung -  Dark Bronze - Motion Access Condor Swing Low Energy Operator â€“ LH -  Center Hung -  Dark Bronze -  - MAC-LL3D-XX - $2,300.00 ",Motion Access,MAC-LL3D-XX,2300.0,1072.0,2300.0,Motion Access Condor Swing Low Energy Operator â€“ LH -  Center Hung -  Dark Bronze,,"Motion Access, LLC",Motion Access Condor Swing Low Energy Operator – LH -  Center Hung -  Dark Bronze,Special,,,,MOT1014,,,,
"MOT1011 - Motion Access Condor Swing Low Energy Operator – LH -  Concealed Offset Pivot -  Silver - Motion Access Condor Swing Low Energy Operator â€“ LH -  Concealed Offset Pivot -  Silver -  - MAC-LL4C-XX - $2,300.00 ",Motion Access,MAC-LL4C-XX,2300.0,1072.0,2300.0,Motion Access Condor Swing Low Energy Operator â€“ LH -  Concealed Offset Pivot -  Silver,,"Motion Access, LLC",Motion Access Condor Swing Low Energy Operator – LH -  Concealed Offset Pivot -  Silver,Special,,,,MOT1011,,,,
"MOT1015 - Motion Access Condor Swing Low Energy Operator – LH -  Concealed Offset Pivot -  Dark Bronze - Motion Access Condor Swing Low Energy Operator â€“ LH -  Concealed Offset Pivot -  Dark Bronze -  - MAC-LL4D-XX - $2,300.00 ",Motion Access,MAC-LL4D-XX,2300.0,1072.0,2300.0,Motion Access Condor Swing Low Energy Operator â€“ LH -  Concealed Offset Pivot -  Dark Bronze,,"Motion Access, LLC",Motion Access Condor Swing Low Energy Operator – LH -  Concealed Offset Pivot -  Dark Bronze,Special,,,,MOT1015,,,,
"MOT1025 - Motion Access - Condor Swing Operator -  Aluminum - Motion Access - Condor Swing Low Energy Operato, Pair, Push Arm/Out Swing -  Aluminum -  - MAC-LP1C-XX - $4,688.87 ",Motion Access,MAC-LP1C-XX,4688.8677355612,2066.0,4688.8677355612,"Motion Access - Condor Swing Low Energy Operato, Pair, Push Arm/Out Swing -  Aluminum",,"Motion Access, LLC",Motion Access - Condor Swing Operator -  Aluminum,MSRP,,,,MOT1025,,,,
"MOT1024 - Motion Access Condor Swing Low Energy Operator – PAIR -  Push Arm/Out Swing -  Dark Bronze - Motion Access Condor Swing Low Energy Operator â€“ PAIR -  Push Arm/Out Swing -  Dark Bronze -  - MAC-LP1D-72 - $4,688.87 ",Motion Access,MAC-LP1D-72,4688.8677355612,2066.0,4688.8677355612,Motion Access Condor Swing Low Energy Operator â€“ PAIR -  Push Arm/Out Swing -  Dark Bronze,,"Motion Access, LLC",Motion Access Condor Swing Low Energy Operator – PAIR -  Push Arm/Out Swing -  Dark Bronze,MSRP,,,,MOT1024,,,,
"MOT1019 - Motion Access - Condor Swing Low Energy Operator -  Aluminum - Motion Access - Condor Swing Low Energy Operator â€“ RH -  Push Arm/Out Swing - 36 inch Can -  Aluminum -  - MAC-LR1C-36 - $2,300.00 ",Motion Access,MAC-LR1C-36,2300.000000031,1110.0,2300.000000031,Motion Access - Condor Swing Low Energy Operator â€“ RH -  Push Arm/Out Swing - 36 inch Can -  Aluminum,,"Motion Access, LLC",Motion Access - Condor Swing Low Energy Operator -  Aluminum,MSRP,,,,MOT1019,,,,
"MOT1026 - Motion Access Condor Swing Low Energy Operator – RH -  Push Arm/Out Swing -  Aluminum - 42 inch Can - Motion Access Condor Swing Low Energy Operator â€“ RH -  Push Arm/Out Swing -  Aluminum - 42 inch Can -  - MAC-LR1C-42 - $2,300.00 ",Motion Access,MAC-LR1C-42,2300.0,1072.0,2300.0,Motion Access Condor Swing Low Energy Operator â€“ RH -  Push Arm/Out Swing -  Aluminum - 42 inch Can,,"Motion Access, LLC",Motion Access Condor Swing Low Energy Operator – RH -  Push Arm/Out Swing -  Aluminum - 42 inch Can,MSRP,,,,MOT1026,,,,
"MOT1000 - Motion Access Condor Swing Low Energy Operator – Push Arm/Out Swing -  Silver - Motion Access Condor Swing Low Energy Operator - RH -  Push Arm/Out Swing -  Silver -  - MAC-LR1C-XX - $2,300.00 ",Motion Access,MAC-LR1C-XX,2300.0,1072.0,2300.0,Motion Access Condor Swing Low Energy Operator - RH -  Push Arm/Out Swing -  Silver,,"Motion Access, LLC",Motion Access Condor Swing Low Energy Operator – Push Arm/Out Swing -  Silver,Special,,,,MOT1000,,,,
"MOT1018 - Motion Access - Condor Swing  Operator – Dark Bronze - Motion Access - Condor Swing Low Energy Operator - RH -  Push Arm/Out Swing -  Dark Bronze -  - MAC-LR1D-36 - $2,300.00 ",Motion Access,MAC-LR1D-36,2300.000000031,1110.0,2300.000000031,Motion Access - Condor Swing Low Energy Operator - RH -  Push Arm/Out Swing -  Dark Bronze,,"Motion Access, LLC",Motion Access - Condor Swing  Operator – Dark Bronze,MSRP,,,,MOT1018,,,,
"MOT1004 - Motion Access - Condor Swing Low Energy Operator -  Dark Bronze - Motion Access - Condor Swing Low Energy Operator – RH - Push Arm/Out Swing -  Dark Bronze -  - MAC-LR1D-XX - $2,300.00 ",Motion Access,MAC-LR1D-XX,2300.0,1072.0,2300.0,Motion Access - Condor Swing Low Energy Operator – RH - Push Arm/Out Swing -  Dark Bronze,,"Motion Access, LLC",Motion Access - Condor Swing Low Energy Operator -  Dark Bronze,Special,,,,MOT1004,,,,
"MOT1021 - Motion Access - Condor Swing Low Energy Operator  -  Silver - Motion Access - Condor Swing Low Energy Operator – RH, 36 Inch Can, Pull Arm/In Swing -  Silver -  - MAC-LR2C-36 - $2,300.00 ",Motion Access,MAC-LR2C-36,2300.0,1072.0,2300.0,"Motion Access - Condor Swing Low Energy Operator – RH, 36 Inch Can, Pull Arm/In Swing -  Silver",,"Motion Access, LLC",Motion Access - Condor Swing Low Energy Operator  -  Silver,MSRP,,,,MOT1021,,,,
"MOT1001 - Motion Access Condor Swing Low Energy Operator – RH -  Pull Arm/In Swing -  Silver - Motion Access Condor Swing Low Energy Operator â€“ RH -  Pull Arm/In Swing -  Silver -  - MAC-LR2C-XX - $2,300.00 ",Motion Access,MAC-LR2C-XX,2300.0,1072.0,2300.0,Motion Access Condor Swing Low Energy Operator â€“ RH -  Pull Arm/In Swing -  Silver,,"Motion Access, LLC",Motion Access Condor Swing Low Energy Operator – RH -  Pull Arm/In Swing -  Silver,Special,,,,MOT1001,,,,
"MOT1023 - Motion Access Condor Swing Low Energy Operator – RH -  Pull Arm/In Swing -  Dark Bronze - 36 Inch Can - Motion Access Condor Swing Low Energy Operator â€“ RH -  Pull Arm/In Swing -  Dark Bronze - 36 Inch Can -  - MAC-LR2D-36 - $2,300.00 ",Motion Access,MAC-LR2D-36,2300.0,1072.0,2300.0,Motion Access Condor Swing Low Energy Operator â€“ RH -  Pull Arm/In Swing -  Dark Bronze - 36 Inch Can,,"Motion Access, LLC",Motion Access Condor Swing Low Energy Operator – RH -  Pull Arm/In Swing -  Dark Bronze - 36 Inch Can,MSRP,,,,MOT1023,,,,
"MOT1005 - Motion Access Condor Swing Low Energy Operator – RH -  Pull Arm/In Swing -  Dark Bronze - Motion Access Condor Swing Low Energy Operator â€“ RH -  Pull Arm/In Swing -  Dark Bronze -  - MAC-LR2D-XX - $2,300.00 ",Motion Access,MAC-LR2D-XX,2300.0,1072.0,2300.0,Motion Access Condor Swing Low Energy Operator â€“ RH -  Pull Arm/In Swing -  Dark Bronze,,"Motion Access, LLC",Motion Access Condor Swing Low Energy Operator – RH -  Pull Arm/In Swing -  Dark Bronze,Special,,,,MOT1005,,,,
"MOT1002 - Motion Access - Condor Swing Operator -  Silver - Motion Access - Condor Swing Low Energy Operator, RH, Center Hung -  Silver -  - MAC-LR3C-36 - $2,300.00 ",Motion Access,MAC-LR3C-36,2300.0,1072.0,2300.0,"Motion Access - Condor Swing Low Energy Operator, RH, Center Hung -  Silver",,"Motion Access, LLC",Motion Access - Condor Swing Operator -  Silver,Special,,,,MOT1002,,,,
"MOT1006 - Motion Access Condor Swing Low Energy Operator – RH -  Center Hung -  Dark Bronze - Motion Access Condor Swing Low Energy Operator â€“ RH -  Center Hung -  Dark Bronze -  - MAC-LR3D-XX - $2,300.00 ",Motion Access,MAC-LR3D-XX,2300.0,1072.0,2300.0,Motion Access Condor Swing Low Energy Operator â€“ RH -  Center Hung -  Dark Bronze,,"Motion Access, LLC",Motion Access Condor Swing Low Energy Operator – RH -  Center Hung -  Dark Bronze,Special,,,,MOT1006,,,,
"MOT1003 - Motion Access Condor Swing Low Energy Operator – RH -  Concealed Offset Pivot -  Silver - Motion Access Condor Swing Low Energy Operator â€“ RH -  Concealed Offset Pivot -  Silver -  - MAC-LR4C-XX - $2,300.00 ",Motion Access,MAC-LR4C-XX,2300.0,1072.0,2300.0,Motion Access Condor Swing Low Energy Operator â€“ RH -  Concealed Offset Pivot -  Silver,,"Motion Access, LLC",Motion Access Condor Swing Low Energy Operator – RH -  Concealed Offset Pivot -  Silver,Special,,,,MOT1003,,,,
"MOT1007 - Motion Access Condor Swing Low Energy Operator – RH -  Concealed Offset Pivot -  Dark Bronze - Motion Access Condor Swing Low Energy Operator â€“ RH -  Concealed Offset Pivot -  Dark Bronze -  - MAC-LR4D-XX - $2,300.00 ",Motion Access,MAC-LR4D-XX,2300.0,1072.0,2300.0,Motion Access Condor Swing Low Energy Operator â€“ RH -  Concealed Offset Pivot -  Dark Bronze,,"Motion Access, LLC",Motion Access Condor Swing Low Energy Operator – RH -  Concealed Offset Pivot -  Dark Bronze,Special,,,,MOT1007,,,,
"MOT1034 - Raven Swing 18in -  Clear Finish -  Low Energy Operator -  Non Handed -  Push & Pull Arm - Raven Swing 18in, Clear Finish, Low Energy Operator, Non Handed, Push & Pull Arm -  - MAR-C-18 - $1,957.95 ",Motion Access,MAR-C-18,1957.949400772,778.0,1957.949400772,"Raven Swing 18in, Clear Finish, Low Energy Operator, Non Handed, Push & Pull Arm",,"Motion Access, LLC",Raven Swing 18in -  Clear Finish -  Low Energy Operator -  Non Handed -  Push & Pull Arm,MSRP,,,,MOT1034,,,,
"MOT1027 - Raven Swing 29in -  Clear Finish -  Low Energy Operator -  Non Handed -  Push & Pull Arm - Raven Swing 29in -  Clear Finish -  Low Energy Operator -  Non Handed -  Push & Pull Arm -  - MAR-C-29 - $1,890.00 ",Motion Access,MAR-C-29,1890.0,807.0,1890.0,Raven Swing 29in -  Clear Finish -  Low Energy Operator -  Non Handed -  Push & Pull Arm,,"Motion Access, LLC",Raven Swing 29in -  Clear Finish -  Low Energy Operator -  Non Handed -  Push & Pull Arm,MSRP,0.051,,,MOT1027,,,,
"MOT1035 - Raven Swing 18in -  Dark Bronze Finish -  Low Energy Operator -  Non Handed -  Push & Pull Arm - Raven Swing 18in -  Dark Bronze Finish -  Low Energy Operator -  Non Handed -  Push & Pull Arm -  - MAR-D-18 - $1,957.95 ",Motion Access,MAR-D-18,1957.949400772,778.0,1957.949400772,Raven Swing 18in -  Dark Bronze Finish -  Low Energy Operator -  Non Handed -  Push & Pull Arm,,"Motion Access, LLC",Raven Swing 18in -  Dark Bronze Finish -  Low Energy Operator -  Non Handed -  Push & Pull Arm,MSRP,,,,MOT1035,,,,
"MOT1036 - Raven Swing 29in -  Dark Bronze Finish -  Low Energy Operator -  Non Handed -  Push & Pull Arm - Raven Swing 29in -  Dark Bronze Finish -  Low Energy Operator -  Non Handed -  Push & Pull Arm -  - MAR-D-29 - $2,103.91 ",Motion Access,MAR-D-29,2103.914780264,836.0,2103.914780264,Raven Swing 29in -  Dark Bronze Finish -  Low Energy Operator -  Non Handed -  Push & Pull Arm,,"Motion Access, LLC",Raven Swing 29in -  Dark Bronze Finish -  Low Energy Operator -  Non Handed -  Push & Pull Arm,MSRP,,,,MOT1036,,,,
MOT1030 - MATRiX SQUARE KIT -  S1: 2 - S1 PUSH PLATES -  2 - SBT BOXES/TRANSMITTERS -  1 - RECEIVER - MATRiX SQUARE KIT -  S1: 2 - S1 PUSH PLATES -  2 - SBT BOXES/TRANSMITTERS -  1 - RECEIVER -  - MAX-KIT-S1 - $338.42 ,Motion Access,MAX-KIT-S1,338.42,161.0,322.0,MATRiX SQUARE KIT -  S1: 2 - S1 PUSH PLATES -  2 - SBT BOXES/TRANSMITTERS -  1 - RECEIVER,,"Motion Access, LLC",MATRiX SQUARE KIT -  S1: 2 - S1 PUSH PLATES -  2 - SBT BOXES/TRANSMITTERS -  1 - RECEIVER,MSRP Adjust,0.051,,,MOT1030,,,,
"MOT1031 - Motion Access - Condor Swing Low Energy Operator -  Dark Bronze - Motion Access - Condor Swing Low Energy Operator – PAIR -  Push Arm/Out Swing -  Dark Bronze - 72 inch Can -  - MP1C-72 - $4,761.03 ",Motion Access,MP1C-72,4761.03,1996.0,4530.0,Motion Access - Condor Swing Low Energy Operator – PAIR -  Push Arm/Out Swing -  Dark Bronze - 72 inch Can,,"Motion Access, LLC",Motion Access - Condor Swing Low Energy Operator -  Dark Bronze,MSRP Adjust,0.051,,,MOT1031,,,,
"MOT1042 - Condor Swing Low Force/Low Energy Operator RH Push DKB 36 - Condor Swing Low Force/Low Energy Operator RH Push DKB 36"" -  - MR1D-36 - $2,300.00 ",Motion Access,MR1D-36,2300.0,1110.0,,"Condor Swing Low Force/Low Energy Operator RH Push DKB 36""",,"Motion Access, LLC",Condor Swing Low Force/Low Energy Operator RH Push DKB 36,Special,,,,MOT1042,,,,
